{
  "n_varlik": 21,
  "n_gun": 244,
  "n_gozlem": 5114,
  "spearman_gercek": 0.06872877601206492,
  "spearman_permutasyon": -0.012167065120015452,
  "fark": 0.08089584113208037,
  "tur11_kripto_fark_karsilastirma": 0.1255
}